cart_type,entreprise_email,entreprise_name,entreprise_city,day_publication,month_publication,hour_publication,quantity_published,quantity_reserved,quantity_take
frais,entreprise14@example.com,Carrefour,Nice,4,6,0,59,59,59
sec,entreprise13@example.com,Monoprix,Lyon,3,9,0,111,110,105
frais,entreprise7@example.com,Carrefour,Toulouse,4,3,0,194,155,155
frais,entreprise3@example.com,Auchan,Marseille,6,12,0,350,344,336
mixte,entreprise14@example.com,Carrefour,Nice,1,2,0,96,26,26
legume,entreprise7@example.com,Carrefour,Toulouse,0,12,0,246,232,232
legume,entreprise1@example.com,Intermarché,Lyon,5,12,0,89,72,72
frais,entreprise10@example.com,Carrefour,Nice,6,12,0,252,52,24
mixte,entreprise7@example.com,Carrefour,Toulouse,2,7,0,293,293,293
mixte,entreprise8@example.com,Auchan,Toulouse,4,4,0,265,222,222
sec,entreprise5@example.com,Intermarché,Nice,5,6,0,94,94,85
legume,entreprise2@example.com,Auchan,Marseille,0,10,0,289,266,246
mixte,entreprise8@example.com,Auchan,Toulouse,6,4,0,399,397,397
legume,entreprise15@example.com,Carrefour,Marseille,4,2,0,453,453,453
frais,entreprise4@example.com,Monoprix,Toulouse,1,12,0,181,181,181
frais,entreprise14@example.com,Carrefour,Nice,5,7,0,364,242,242
sec,entreprise4@example.com,Monoprix,Toulouse,3,2,0,337,283,283
mixte,entreprise9@example.com,Monoprix,Paris,3,1,0,487,394,394
legume,entreprise5@example.com,Intermarché,Nice,5,6,0,327,0,0
frais,entreprise2@example.com,Auchan,Marseille,1,6,0,230,230,230
legume,entreprise8@example.com,Auchan,Toulouse,6,5,0,346,0,0
legume,entreprise10@example.com,Carrefour,Nice,0,1,0,439,439,439
frais,entreprise11@example.com,Lidl,Lyon,5,12,0,114,74,74
sec,entreprise14@example.com,Carrefour,Nice,3,1,0,252,248,248
legume,entreprise3@example.com,Auchan,Marseille,1,9,0,38,25,24
frais,entreprise5@example.com,Intermarché,Nice,1,2,0,295,295,295
sec,entreprise13@example.com,Monoprix,Lyon,0,11,0,100,61,61
sec,entreprise7@example.com,Carrefour,Toulouse,2,2,0,114,109,109
sec,entreprise12@example.com,Carrefour,Lyon,3,12,0,65,65,65
mixte,entreprise8@example.com,Auchan,Toulouse,4,12,0,461,461,461
mixte,entreprise10@example.com,Carrefour,Nice,6,1,0,489,452,354
mixte,entreprise6@example.com,Intermarché,Paris,1,12,0,468,433,433
sec,entreprise3@example.com,Auchan,Marseille,2,12,0,293,0,0
legume,entreprise12@example.com,Carrefour,Lyon,6,6,0,314,282,282
mixte,entreprise8@example.com,Auchan,Toulouse,1,12,0,85,19,19
frais,entreprise15@example.com,Carrefour,Marseille,1,6,0,249,247,247
legume,entreprise9@example.com,Monoprix,Paris,2,5,0,155,139,139
sec,entreprise6@example.com,Intermarché,Paris,3,3,0,29,25,25
sec,entreprise2@example.com,Auchan,Marseille,4,3,0,218,119,119
mixte,entreprise9@example.com,Monoprix,Paris,6,10,0,333,295,295
mixte,entreprise4@example.com,Monoprix,Toulouse,4,6,0,91,87,76
frais,entreprise13@example.com,Monoprix,Lyon,4,10,0,48,43,43
legume,entreprise3@example.com,Auchan,Marseille,0,4,0,284,280,275
legume,entreprise2@example.com,Auchan,Marseille,1,7,0,134,76,76
mixte,entreprise12@example.com,Carrefour,Lyon,1,5,0,161,158,158
legume,entreprise3@example.com,Auchan,Marseille,0,7,0,34,34,34
frais,entreprise6@example.com,Intermarché,Paris,4,3,0,176,112,112
frais,entreprise14@example.com,Carrefour,Nice,6,8,0,463,463,463
sec,entreprise11@example.com,Lidl,Lyon,1,1,0,342,337,326
sec,entreprise9@example.com,Monoprix,Paris,3,8,0,127,125,125
mixte,entreprise2@example.com,Auchan,Marseille,1,1,0,134,131,131
legume,entreprise8@example.com,Auchan,Toulouse,0,5,0,36,36,36
legume,entreprise6@example.com,Intermarché,Paris,0,6,0,117,117,117
frais,entreprise7@example.com,Carrefour,Toulouse,4,8,0,103,103,103
frais,entreprise12@example.com,Carrefour,Lyon,6,11,0,35,35,35
legume,entreprise4@example.com,Monoprix,Toulouse,2,7,0,393,365,365
legume,entreprise14@example.com,Carrefour,Nice,2,8,0,106,106,106
legume,entreprise10@example.com,Carrefour,Nice,6,6,0,53,52,34
mixte,entreprise3@example.com,Auchan,Marseille,1,9,0,386,249,249
frais,entreprise15@example.com,Carrefour,Marseille,5,9,0,255,205,125
legume,entreprise7@example.com,Carrefour,Toulouse,2,11,0,48,48,48
mixte,entreprise3@example.com,Auchan,Marseille,2,8,0,164,158,158
mixte,entreprise10@example.com,Carrefour,Nice,5,1,0,389,374,374
frais,entreprise5@example.com,Intermarché,Nice,2,4,0,402,384,382
sec,entreprise12@example.com,Carrefour,Lyon,3,5,0,361,212,212
legume,entreprise5@example.com,Intermarché,Nice,2,2,0,280,280,279
legume,entreprise13@example.com,Monoprix,Lyon,4,6,0,228,218,212
sec,entreprise7@example.com,Carrefour,Toulouse,6,8,0,491,480,480
legume,entreprise5@example.com,Intermarché,Nice,2,8,0,278,173,173
frais,entreprise1@example.com,Intermarché,Lyon,0,12,0,336,326,222
legume,entreprise4@example.com,Monoprix,Toulouse,6,4,0,471,471,471
legume,entreprise7@example.com,Carrefour,Toulouse,0,4,0,270,205,181
mixte,entreprise5@example.com,Intermarché,Nice,1,5,0,215,124,124
sec,entreprise15@example.com,Carrefour,Marseille,0,2,0,439,430,430
mixte,entreprise2@example.com,Auchan,Marseille,0,11,0,27,26,26
sec,entreprise15@example.com,Carrefour,Marseille,2,1,0,488,0,0
legume,entreprise11@example.com,Lidl,Lyon,3,7,0,460,368,368
frais,entreprise9@example.com,Monoprix,Paris,3,7,0,348,185,185
legume,entreprise9@example.com,Monoprix,Paris,0,10,0,256,237,237
sec,entreprise11@example.com,Lidl,Lyon,0,1,0,438,357,357
legume,entreprise12@example.com,Carrefour,Lyon,5,2,0,394,3,3
legume,entreprise6@example.com,Intermarché,Paris,5,8,0,303,291,286
legume,entreprise12@example.com,Carrefour,Lyon,5,6,0,386,384,381
sec,entreprise11@example.com,Lidl,Lyon,6,11,0,409,74,74
mixte,entreprise2@example.com,Auchan,Marseille,1,9,0,113,85,85
frais,entreprise8@example.com,Auchan,Toulouse,5,2,0,66,28,28
legume,entreprise3@example.com,Auchan,Marseille,0,2,0,107,100,100
legume,entreprise8@example.com,Auchan,Toulouse,1,8,0,11,11,11
frais,entreprise11@example.com,Lidl,Lyon,2,4,0,256,255,247
sec,entreprise1@example.com,Intermarché,Lyon,6,4,0,348,339,338
legume,entreprise5@example.com,Intermarché,Nice,6,10,0,422,272,272
frais,entreprise2@example.com,Auchan,Marseille,0,9,0,18,18,18
frais,entreprise8@example.com,Auchan,Toulouse,3,1,0,326,0,0
sec,entreprise11@example.com,Lidl,Lyon,1,11,0,119,117,117
legume,entreprise13@example.com,Monoprix,Lyon,3,6,0,403,347,347
frais,entreprise2@example.com,Auchan,Marseille,1,7,0,73,73,73
frais,entreprise3@example.com,Auchan,Marseille,6,1,0,437,420,405
frais,entreprise15@example.com,Carrefour,Marseille,0,12,0,309,258,258
legume,entreprise8@example.com,Auchan,Toulouse,6,7,0,259,259,259
frais,entreprise2@example.com,Auchan,Marseille,1,6,0,439,439,439
legume,entreprise5@example.com,Intermarché,Nice,4,7,0,418,370,366
frais,entreprise6@example.com,Intermarché,Paris,4,11,0,275,163,163
legume,entreprise14@example.com,Carrefour,Nice,4,3,0,101,61,44
mixte,entreprise5@example.com,Intermarché,Nice,3,4,0,327,327,327
legume,entreprise6@example.com,Intermarché,Paris,1,7,0,496,167,167
mixte,entreprise12@example.com,Carrefour,Lyon,6,4,0,168,123,0
sec,entreprise13@example.com,Monoprix,Lyon,4,4,0,261,223,177
sec,entreprise3@example.com,Auchan,Marseille,1,4,0,51,51,51
frais,entreprise4@example.com,Monoprix,Toulouse,5,5,0,23,19,19
legume,entreprise6@example.com,Intermarché,Paris,6,4,0,65,63,61
legume,entreprise7@example.com,Carrefour,Toulouse,4,6,0,244,0,0
sec,entreprise10@example.com,Carrefour,Nice,4,8,0,118,115,113
frais,entreprise9@example.com,Monoprix,Paris,3,10,0,252,251,251
legume,entreprise11@example.com,Lidl,Lyon,4,9,0,249,220,220
frais,entreprise3@example.com,Auchan,Marseille,2,5,0,75,73,73
sec,entreprise10@example.com,Carrefour,Nice,2,10,0,271,271,271
mixte,entreprise9@example.com,Monoprix,Paris,0,9,0,483,480,480
mixte,entreprise15@example.com,Carrefour,Marseille,6,3,0,489,438,180
mixte,entreprise1@example.com,Intermarché,Lyon,5,6,0,484,481,444
mixte,entreprise6@example.com,Intermarché,Paris,1,2,0,257,234,234
mixte,entreprise2@example.com,Auchan,Marseille,6,5,0,344,313,0
sec,entreprise12@example.com,Carrefour,Lyon,5,9,0,377,363,363
legume,entreprise15@example.com,Carrefour,Marseille,3,2,0,185,185,185
sec,entreprise2@example.com,Auchan,Marseille,2,1,0,47,45,25
mixte,entreprise1@example.com,Intermarché,Lyon,0,9,0,470,232,232
frais,entreprise8@example.com,Auchan,Toulouse,1,12,0,66,62,62
sec,entreprise2@example.com,Auchan,Marseille,3,5,0,30,19,19
sec,entreprise3@example.com,Auchan,Marseille,2,3,0,25,23,22
mixte,entreprise12@example.com,Carrefour,Lyon,1,10,0,461,368,368
sec,entreprise8@example.com,Auchan,Toulouse,3,2,0,72,70,63
mixte,entreprise3@example.com,Auchan,Marseille,4,7,0,90,86,85
legume,entreprise12@example.com,Carrefour,Lyon,4,3,0,425,416,416
legume,entreprise14@example.com,Carrefour,Nice,2,7,0,174,17,17
sec,entreprise8@example.com,Auchan,Toulouse,2,1,0,413,0,0
mixte,entreprise14@example.com,Carrefour,Nice,0,1,0,376,376,368
legume,entreprise1@example.com,Intermarché,Lyon,0,8,0,188,188,188
legume,entreprise15@example.com,Carrefour,Marseille,0,5,0,378,342,342
frais,entreprise6@example.com,Intermarché,Paris,6,1,0,72,71,42
frais,entreprise6@example.com,Intermarché,Paris,4,9,0,185,182,182
legume,entreprise2@example.com,Auchan,Marseille,0,10,0,419,342,342
legume,entreprise12@example.com,Carrefour,Lyon,4,9,0,73,72,72
sec,entreprise12@example.com,Carrefour,Lyon,1,10,0,431,431,429
sec,entreprise7@example.com,Carrefour,Toulouse,0,3,0,455,432,401
mixte,entreprise14@example.com,Carrefour,Nice,1,5,0,241,165,165
mixte,entreprise8@example.com,Auchan,Toulouse,1,9,0,87,62,62
frais,entreprise1@example.com,Intermarché,Lyon,4,8,0,358,348,348
sec,entreprise15@example.com,Carrefour,Marseille,0,11,0,243,98,98
mixte,entreprise4@example.com,Monoprix,Toulouse,4,8,0,409,356,356
mixte,entreprise9@example.com,Monoprix,Paris,3,4,0,258,252,252
mixte,entreprise10@example.com,Carrefour,Nice,2,9,0,493,493,493
mixte,entreprise7@example.com,Carrefour,Toulouse,2,8,0,148,148,129
mixte,entreprise3@example.com,Auchan,Marseille,2,6,0,163,162,162
mixte,entreprise4@example.com,Monoprix,Toulouse,0,2,0,276,259,259
sec,entreprise10@example.com,Carrefour,Nice,2,7,0,418,415,415
legume,entreprise2@example.com,Auchan,Marseille,1,5,0,358,354,354
mixte,entreprise7@example.com,Carrefour,Toulouse,6,1,0,429,0,0
legume,entreprise15@example.com,Carrefour,Marseille,3,11,0,239,193,139
frais,entreprise5@example.com,Intermarché,Nice,0,7,0,153,124,124
frais,entreprise13@example.com,Monoprix,Lyon,6,4,0,423,218,209
mixte,entreprise7@example.com,Carrefour,Toulouse,4,6,0,496,149,149
sec,entreprise11@example.com,Lidl,Lyon,3,11,0,476,476,475
legume,entreprise8@example.com,Auchan,Toulouse,4,12,0,427,379,379
mixte,entreprise2@example.com,Auchan,Marseille,1,12,0,89,89,89
mixte,entreprise11@example.com,Lidl,Lyon,4,1,0,440,434,434
frais,entreprise3@example.com,Auchan,Marseille,6,8,0,401,207,207
frais,entreprise11@example.com,Lidl,Lyon,6,4,0,126,46,46
sec,entreprise6@example.com,Intermarché,Paris,1,3,0,201,159,159
frais,entreprise15@example.com,Carrefour,Marseille,0,11,0,476,454,432
frais,entreprise5@example.com,Intermarché,Nice,2,3,0,390,377,377
sec,entreprise13@example.com,Monoprix,Lyon,2,6,0,203,107,107
mixte,entreprise11@example.com,Lidl,Lyon,6,10,0,350,350,350
legume,entreprise9@example.com,Monoprix,Paris,1,2,0,171,171,171
sec,entreprise8@example.com,Auchan,Toulouse,6,8,0,331,313,313
legume,entreprise8@example.com,Auchan,Toulouse,1,10,0,350,350,350
mixte,entreprise2@example.com,Auchan,Marseille,1,9,0,205,205,205
sec,entreprise7@example.com,Carrefour,Toulouse,6,3,0,420,419,415
frais,entreprise6@example.com,Intermarché,Paris,3,3,0,471,468,468
legume,entreprise3@example.com,Auchan,Marseille,1,5,0,407,251,251
mixte,entreprise2@example.com,Auchan,Marseille,0,5,0,63,50,50
mixte,entreprise3@example.com,Auchan,Marseille,6,3,0,90,31,31
legume,entreprise5@example.com,Intermarché,Nice,0,9,0,50,46,46
frais,entreprise4@example.com,Monoprix,Toulouse,4,3,0,145,143,143
legume,entreprise11@example.com,Lidl,Lyon,1,7,0,440,431,431
legume,entreprise2@example.com,Auchan,Marseille,0,11,0,189,148,92
sec,entreprise3@example.com,Auchan,Marseille,1,7,0,41,41,41
sec,entreprise6@example.com,Intermarché,Paris,6,4,0,202,186,186
legume,entreprise14@example.com,Carrefour,Nice,3,5,0,51,51,51
legume,entreprise4@example.com,Monoprix,Toulouse,4,1,0,468,292,292
mixte,entreprise7@example.com,Carrefour,Toulouse,0,7,0,410,410,410
sec,entreprise12@example.com,Carrefour,Lyon,2,7,0,499,499,499
sec,entreprise3@example.com,Auchan,Marseille,6,2,0,284,284,284
mixte,entreprise10@example.com,Carrefour,Nice,4,10,0,108,97,97
mixte,entreprise5@example.com,Intermarché,Nice,3,4,0,21,9,9
sec,entreprise4@example.com,Monoprix,Toulouse,0,4,0,317,317,317
legume,entreprise1@example.com,Intermarché,Lyon,3,5,0,119,113,113
legume,entreprise11@example.com,Lidl,Lyon,0,8,0,480,119,119
legume,entreprise6@example.com,Intermarché,Paris,2,5,0,403,248,248
mixte,entreprise6@example.com,Intermarché,Paris,3,9,0,444,444,444
mixte,entreprise3@example.com,Auchan,Marseille,2,1,0,481,474,370
sec,entreprise8@example.com,Auchan,Toulouse,1,7,0,495,495,495
frais,entreprise14@example.com,Carrefour,Nice,0,11,0,471,442,442
mixte,entreprise13@example.com,Monoprix,Lyon,1,4,0,74,74,74
frais,entreprise14@example.com,Carrefour,Nice,2,12,0,235,49,11
frais,entreprise15@example.com,Carrefour,Marseille,4,1,0,456,455,442
mixte,entreprise11@example.com,Lidl,Lyon,0,1,0,226,226,226
frais,entreprise1@example.com,Intermarché,Lyon,6,10,0,89,89,89
legume,entreprise8@example.com,Auchan,Toulouse,2,11,0,429,428,428
frais,entreprise9@example.com,Monoprix,Paris,4,11,0,121,114,112
frais,entreprise4@example.com,Monoprix,Toulouse,4,5,0,295,282,282
frais,entreprise11@example.com,Lidl,Lyon,5,2,0,299,290,290
sec,entreprise15@example.com,Carrefour,Marseille,3,5,0,337,293,293
sec,entreprise1@example.com,Intermarché,Lyon,5,3,0,216,216,216
sec,entreprise7@example.com,Carrefour,Toulouse,2,4,0,71,70,37
mixte,entreprise14@example.com,Carrefour,Nice,3,8,0,133,129,129
mixte,entreprise8@example.com,Auchan,Toulouse,2,4,0,343,317,317
sec,entreprise14@example.com,Carrefour,Nice,6,12,0,275,160,160
mixte,entreprise9@example.com,Monoprix,Paris,0,12,0,34,12,12
legume,entreprise2@example.com,Auchan,Marseille,0,7,0,89,89,89
frais,entreprise15@example.com,Carrefour,Marseille,3,1,0,398,397,397
sec,entreprise15@example.com,Carrefour,Marseille,4,5,0,207,192,192
frais,entreprise2@example.com,Auchan,Marseille,3,9,0,25,11,11
frais,entreprise14@example.com,Carrefour,Nice,6,4,0,181,83,83
frais,entreprise14@example.com,Carrefour,Nice,6,6,0,255,243,243
sec,entreprise1@example.com,Intermarché,Lyon,5,4,0,173,120,120
sec,entreprise10@example.com,Carrefour,Nice,1,11,0,70,0,0
legume,entreprise15@example.com,Carrefour,Marseille,2,1,0,17,17,17
mixte,entreprise2@example.com,Auchan,Marseille,3,8,0,228,226,220
mixte,entreprise13@example.com,Monoprix,Lyon,0,8,0,285,151,151
mixte,entreprise15@example.com,Carrefour,Marseille,4,2,0,451,447,447
sec,entreprise13@example.com,Monoprix,Lyon,1,11,0,259,259,258
sec,entreprise9@example.com,Monoprix,Paris,6,10,0,361,357,347
sec,entreprise15@example.com,Carrefour,Marseille,1,12,0,45,0,0
frais,entreprise7@example.com,Carrefour,Toulouse,0,7,0,162,162,162
frais,entreprise14@example.com,Carrefour,Nice,4,5,0,148,146,146
frais,entreprise10@example.com,Carrefour,Nice,5,6,0,180,179,178
mixte,entreprise8@example.com,Auchan,Toulouse,6,12,0,53,53,51
frais,entreprise7@example.com,Carrefour,Toulouse,5,2,0,205,174,174
legume,entreprise12@example.com,Carrefour,Lyon,5,8,0,282,282,282
mixte,entreprise12@example.com,Carrefour,Lyon,3,7,0,340,340,340
legume,entreprise8@example.com,Auchan,Toulouse,6,12,0,249,244,237
mixte,entreprise1@example.com,Intermarché,Lyon,1,12,0,188,0,0
sec,entreprise11@example.com,Lidl,Lyon,3,10,0,463,0,0
mixte,entreprise14@example.com,Carrefour,Nice,0,8,0,213,208,208
mixte,entreprise4@example.com,Monoprix,Toulouse,1,11,0,28,27,27
frais,entreprise15@example.com,Carrefour,Marseille,3,4,0,354,342,342
legume,entreprise11@example.com,Lidl,Lyon,0,5,0,371,371,340
frais,entreprise15@example.com,Carrefour,Marseille,1,6,0,499,325,325
legume,entreprise9@example.com,Monoprix,Paris,1,2,0,12,9,9
mixte,entreprise7@example.com,Carrefour,Toulouse,1,10,0,255,255,255
mixte,entreprise15@example.com,Carrefour,Marseille,0,8,0,377,377,377
legume,entreprise15@example.com,Carrefour,Marseille,0,8,0,417,414,414
legume,entreprise15@example.com,Carrefour,Marseille,6,12,0,198,198,198
frais,entreprise4@example.com,Monoprix,Toulouse,0,5,0,460,460,460
frais,entreprise7@example.com,Carrefour,Toulouse,0,2,0,321,0,0
frais,entreprise13@example.com,Monoprix,Lyon,1,6,0,345,341,341
mixte,entreprise11@example.com,Lidl,Lyon,4,1,0,330,330,330
frais,entreprise9@example.com,Monoprix,Paris,2,4,0,475,464,464
sec,entreprise3@example.com,Auchan,Marseille,5,10,0,175,161,161
sec,entreprise6@example.com,Intermarché,Paris,1,4,0,477,326,326
sec,entreprise13@example.com,Monoprix,Lyon,0,12,0,411,61,61
frais,entreprise3@example.com,Auchan,Marseille,3,10,0,363,359,359
mixte,entreprise6@example.com,Intermarché,Paris,2,9,0,434,0,0
legume,entreprise6@example.com,Intermarché,Paris,5,9,0,499,499,499
sec,entreprise9@example.com,Monoprix,Paris,0,1,0,435,358,358
frais,entreprise2@example.com,Auchan,Marseille,4,9,0,42,30,30
legume,entreprise15@example.com,Carrefour,Marseille,3,8,0,208,205,205
mixte,entreprise9@example.com,Monoprix,Paris,4,12,0,456,404,404
sec,entreprise10@example.com,Carrefour,Nice,1,2,0,114,107,107
legume,entreprise9@example.com,Monoprix,Paris,4,12,0,20,20,20
legume,entreprise12@example.com,Carrefour,Lyon,4,6,0,236,215,215
mixte,entreprise8@example.com,Auchan,Toulouse,0,12,0,34,34,34
legume,entreprise2@example.com,Auchan,Marseille,2,9,0,188,94,8
frais,entreprise12@example.com,Carrefour,Lyon,4,5,0,73,73,73
sec,entreprise12@example.com,Carrefour,Lyon,1,4,0,51,44,40
legume,entreprise15@example.com,Carrefour,Marseille,5,4,0,437,393,393
mixte,entreprise10@example.com,Carrefour,Nice,0,1,0,424,297,69
sec,entreprise7@example.com,Carrefour,Toulouse,2,6,0,435,413,413
legume,entreprise5@example.com,Intermarché,Nice,1,11,0,296,280,280
frais,entreprise12@example.com,Carrefour,Lyon,0,4,0,235,232,232
frais,entreprise14@example.com,Carrefour,Nice,5,12,0,69,69,69
frais,entreprise12@example.com,Carrefour,Lyon,3,1,0,444,444,444
mixte,entreprise5@example.com,Intermarché,Nice,5,7,0,428,428,428
legume,entreprise9@example.com,Monoprix,Paris,5,4,0,303,114,114
mixte,entreprise12@example.com,Carrefour,Lyon,4,8,0,127,127,107
sec,entreprise12@example.com,Carrefour,Lyon,0,9,0,246,168,53
frais,entreprise6@example.com,Intermarché,Paris,5,10,0,296,288,288
frais,entreprise8@example.com,Auchan,Toulouse,3,8,0,416,392,392
mixte,entreprise3@example.com,Auchan,Marseille,6,4,0,414,381,379
mixte,entreprise8@example.com,Auchan,Toulouse,6,1,0,181,180,127
legume,entreprise10@example.com,Carrefour,Nice,0,2,0,201,197,197
mixte,entreprise10@example.com,Carrefour,Nice,6,11,0,191,191,191
legume,entreprise15@example.com,Carrefour,Marseille,2,6,0,57,21,21
sec,entreprise8@example.com,Auchan,Toulouse,4,8,0,115,96,96
sec,entreprise4@example.com,Monoprix,Toulouse,1,11,0,311,301,301
mixte,entreprise15@example.com,Carrefour,Marseille,4,4,0,28,25,25
sec,entreprise11@example.com,Lidl,Lyon,2,12,0,169,167,167
legume,entreprise10@example.com,Carrefour,Nice,1,7,0,100,96,50
frais,entreprise2@example.com,Auchan,Marseille,2,5,0,317,179,179
sec,entreprise6@example.com,Intermarché,Paris,6,4,0,173,118,118
mixte,entreprise3@example.com,Auchan,Marseille,1,2,0,228,228,228
mixte,entreprise8@example.com,Auchan,Toulouse,4,2,0,468,381,321
sec,entreprise10@example.com,Carrefour,Nice,4,1,0,244,112,112
mixte,entreprise5@example.com,Intermarché,Nice,4,4,0,154,66,47
frais,entreprise4@example.com,Monoprix,Toulouse,5,4,0,189,151,151
frais,entreprise10@example.com,Carrefour,Nice,2,11,0,65,65,65
sec,entreprise4@example.com,Monoprix,Toulouse,5,11,0,193,173,173
legume,entreprise2@example.com,Auchan,Marseille,4,7,0,475,400,400
frais,entreprise6@example.com,Intermarché,Paris,4,6,0,244,243,243
frais,entreprise8@example.com,Auchan,Toulouse,4,5,0,199,199,199
frais,entreprise7@example.com,Carrefour,Toulouse,4,6,0,455,440,440
sec,entreprise8@example.com,Auchan,Toulouse,4,1,0,159,159,159
legume,entreprise7@example.com,Carrefour,Toulouse,5,8,0,191,85,0
legume,entreprise11@example.com,Lidl,Lyon,4,12,0,445,0,0
sec,entreprise5@example.com,Intermarché,Nice,3,2,0,18,18,15
legume,entreprise2@example.com,Auchan,Marseille,1,2,0,422,422,422
frais,entreprise11@example.com,Lidl,Lyon,5,2,0,446,376,376
sec,entreprise14@example.com,Carrefour,Nice,3,6,0,212,197,197
frais,entreprise14@example.com,Carrefour,Nice,4,7,0,118,118,118
mixte,entreprise6@example.com,Intermarché,Paris,1,3,0,264,264,263
frais,entreprise7@example.com,Carrefour,Toulouse,1,1,0,35,35,35
sec,entreprise3@example.com,Auchan,Marseille,1,7,0,257,250,250
legume,entreprise2@example.com,Auchan,Marseille,1,5,0,101,99,91
legume,entreprise5@example.com,Intermarché,Nice,5,1,0,424,393,393
sec,entreprise5@example.com,Intermarché,Nice,4,6,0,175,89,89
mixte,entreprise2@example.com,Auchan,Marseille,3,12,0,328,326,326
frais,entreprise2@example.com,Auchan,Marseille,5,11,0,187,157,157
sec,entreprise9@example.com,Monoprix,Paris,1,9,0,69,68,68
sec,entreprise14@example.com,Carrefour,Nice,4,10,0,209,52,52
frais,entreprise4@example.com,Monoprix,Toulouse,4,2,0,63,36,36
frais,entreprise11@example.com,Lidl,Lyon,0,3,0,447,446,437
mixte,entreprise4@example.com,Monoprix,Toulouse,2,1,0,352,352,352
legume,entreprise1@example.com,Intermarché,Lyon,4,3,0,495,495,492
sec,entreprise13@example.com,Monoprix,Lyon,2,11,0,432,424,424
mixte,entreprise3@example.com,Auchan,Marseille,4,9,0,315,59,59
legume,entreprise8@example.com,Auchan,Toulouse,5,9,0,44,43,43
legume,entreprise5@example.com,Intermarché,Nice,5,10,0,419,344,344
legume,entreprise15@example.com,Carrefour,Marseille,4,12,0,75,0,0
sec,entreprise9@example.com,Monoprix,Paris,3,6,0,495,278,278
mixte,entreprise2@example.com,Auchan,Marseille,2,6,0,143,116,116
mixte,entreprise7@example.com,Carrefour,Toulouse,0,11,0,433,432,431
frais,entreprise14@example.com,Carrefour,Nice,3,12,0,104,78,78
sec,entreprise12@example.com,Carrefour,Lyon,2,4,0,446,40,40
frais,entreprise6@example.com,Intermarché,Paris,6,8,0,296,278,278
legume,entreprise6@example.com,Intermarché,Paris,2,9,0,199,51,51
sec,entreprise14@example.com,Carrefour,Nice,6,9,0,441,385,385
sec,entreprise4@example.com,Monoprix,Toulouse,0,6,0,17,15,15
legume,entreprise14@example.com,Carrefour,Nice,4,3,0,55,37,37
legume,entreprise10@example.com,Carrefour,Nice,3,4,0,410,308,308
sec,entreprise12@example.com,Carrefour,Lyon,0,2,0,19,19,19
frais,entreprise9@example.com,Monoprix,Paris,0,8,0,347,347,347
sec,entreprise8@example.com,Auchan,Toulouse,1,7,0,110,110,110
sec,entreprise12@example.com,Carrefour,Lyon,6,4,0,238,0,0
frais,entreprise10@example.com,Carrefour,Nice,2,1,0,481,298,298
frais,entreprise6@example.com,Intermarché,Paris,1,8,0,326,316,316
mixte,entreprise10@example.com,Carrefour,Nice,3,10,0,195,195,195
legume,entreprise11@example.com,Lidl,Lyon,5,10,0,244,244,244
legume,entreprise12@example.com,Carrefour,Lyon,2,5,0,409,175,175
frais,entreprise2@example.com,Auchan,Marseille,1,8,0,65,65,65
frais,entreprise12@example.com,Carrefour,Lyon,6,12,0,94,85,85
legume,entreprise10@example.com,Carrefour,Nice,4,1,0,267,267,267
mixte,entreprise13@example.com,Monoprix,Lyon,4,7,0,269,242,242
mixte,entreprise2@example.com,Auchan,Marseille,2,6,0,461,204,204
frais,entreprise15@example.com,Carrefour,Marseille,6,7,0,54,53,53
sec,entreprise11@example.com,Lidl,Lyon,3,3,0,143,132,132
legume,entreprise15@example.com,Carrefour,Marseille,6,2,0,172,0,0
frais,entreprise1@example.com,Intermarché,Lyon,6,8,0,431,422,422
sec,entreprise14@example.com,Carrefour,Nice,3,8,0,316,315,313
legume,entreprise9@example.com,Monoprix,Paris,1,2,0,103,103,103
sec,entreprise12@example.com,Carrefour,Lyon,6,5,0,135,132,132
sec,entreprise7@example.com,Carrefour,Toulouse,3,2,0,372,371,370
legume,entreprise10@example.com,Carrefour,Nice,2,5,0,199,199,199
legume,entreprise7@example.com,Carrefour,Toulouse,6,5,0,260,257,256
sec,entreprise7@example.com,Carrefour,Toulouse,4,9,0,97,84,84
frais,entreprise9@example.com,Monoprix,Paris,0,9,0,397,389,389
frais,entreprise8@example.com,Auchan,Toulouse,5,11,0,40,23,23
mixte,entreprise7@example.com,Carrefour,Toulouse,5,12,0,268,268,268
legume,entreprise10@example.com,Carrefour,Nice,6,9,0,112,102,102
mixte,entreprise10@example.com,Carrefour,Nice,5,11,0,489,388,388
legume,entreprise6@example.com,Intermarché,Paris,4,10,0,96,52,52
sec,entreprise4@example.com,Monoprix,Toulouse,5,9,0,145,111,111
legume,entreprise5@example.com,Intermarché,Nice,0,5,0,34,18,18
mixte,entreprise1@example.com,Intermarché,Lyon,6,3,0,275,275,275
mixte,entreprise8@example.com,Auchan,Toulouse,1,11,0,296,288,286
legume,entreprise7@example.com,Carrefour,Toulouse,4,2,0,417,398,339
sec,entreprise5@example.com,Intermarché,Nice,3,1,0,351,351,351
frais,entreprise10@example.com,Carrefour,Nice,4,8,0,133,123,123
frais,entreprise8@example.com,Auchan,Toulouse,5,9,0,490,490,490
frais,entreprise4@example.com,Monoprix,Toulouse,2,5,0,468,451,451
legume,entreprise1@example.com,Intermarché,Lyon,6,7,0,222,222,222
frais,entreprise12@example.com,Carrefour,Lyon,1,9,0,14,14,14
mixte,entreprise9@example.com,Monoprix,Paris,5,5,0,423,415,415
legume,entreprise14@example.com,Carrefour,Nice,0,2,0,212,86,86
legume,entreprise10@example.com,Carrefour,Nice,3,4,0,499,439,208
mixte,entreprise2@example.com,Auchan,Marseille,3,9,0,205,0,0
mixte,entreprise1@example.com,Intermarché,Lyon,5,8,0,332,328,326
legume,entreprise15@example.com,Carrefour,Marseille,6,9,0,349,348,342
mixte,entreprise4@example.com,Monoprix,Toulouse,0,11,0,383,368,368
mixte,entreprise15@example.com,Carrefour,Marseille,5,12,0,221,215,95
sec,entreprise3@example.com,Auchan,Marseille,6,11,0,396,349,349
sec,entreprise10@example.com,Carrefour,Nice,4,1,0,296,281,281
legume,entreprise1@example.com,Intermarché,Lyon,4,2,0,422,422,421
legume,entreprise15@example.com,Carrefour,Marseille,0,12,0,361,0,0
frais,entreprise2@example.com,Auchan,Marseille,1,4,0,233,222,203
mixte,entreprise7@example.com,Carrefour,Toulouse,4,9,0,328,307,307
frais,entreprise1@example.com,Intermarché,Lyon,3,6,0,266,266,265
sec,entreprise6@example.com,Intermarché,Paris,2,12,0,300,0,0
frais,entreprise6@example.com,Intermarché,Paris,5,6,0,382,381,380
legume,entreprise12@example.com,Carrefour,Lyon,6,4,0,473,459,459
frais,entreprise4@example.com,Monoprix,Toulouse,6,8,0,209,130,130
frais,entreprise8@example.com,Auchan,Toulouse,5,8,0,71,16,16
sec,entreprise3@example.com,Auchan,Marseille,0,1,0,333,333,332
mixte,entreprise15@example.com,Carrefour,Marseille,2,6,0,370,14,14
mixte,entreprise4@example.com,Monoprix,Toulouse,1,2,0,16,15,15
frais,entreprise11@example.com,Lidl,Lyon,3,2,0,239,238,238
legume,entreprise8@example.com,Auchan,Toulouse,4,4,0,454,454,454
mixte,entreprise14@example.com,Carrefour,Nice,3,10,0,326,323,312
frais,entreprise13@example.com,Monoprix,Lyon,1,6,0,210,209,209
mixte,entreprise6@example.com,Intermarché,Paris,5,4,0,210,210,210
legume,entreprise6@example.com,Intermarché,Paris,1,10,0,263,244,229
sec,entreprise5@example.com,Intermarché,Nice,5,11,0,203,170,170
legume,entreprise15@example.com,Carrefour,Marseille,0,11,0,169,118,118
legume,entreprise8@example.com,Auchan,Toulouse,6,12,0,131,119,119
legume,entreprise15@example.com,Carrefour,Marseille,2,6,0,201,201,201
sec,entreprise7@example.com,Carrefour,Toulouse,1,4,0,121,121,121
legume,entreprise8@example.com,Auchan,Toulouse,0,1,0,156,156,155
frais,entreprise14@example.com,Carrefour,Nice,4,7,0,331,321,321
frais,entreprise10@example.com,Carrefour,Nice,5,8,0,247,233,233
sec,entreprise10@example.com,Carrefour,Nice,6,9,0,191,107,107
sec,entreprise5@example.com,Intermarché,Nice,2,9,0,461,429,429
legume,entreprise8@example.com,Auchan,Toulouse,5,11,0,131,131,131
legume,entreprise2@example.com,Auchan,Marseille,3,7,0,197,145,145
sec,entreprise6@example.com,Intermarché,Paris,4,7,0,157,123,118
frais,entreprise1@example.com,Intermarché,Lyon,3,2,0,430,278,278
legume,entreprise12@example.com,Carrefour,Lyon,1,9,0,317,245,245
frais,entreprise9@example.com,Monoprix,Paris,6,9,0,240,239,239
mixte,entreprise3@example.com,Auchan,Marseille,1,10,0,133,10,10
frais,entreprise7@example.com,Carrefour,Toulouse,2,10,0,97,97,97
legume,entreprise8@example.com,Auchan,Toulouse,6,12,0,290,175,175
sec,entreprise1@example.com,Intermarché,Lyon,1,1,0,16,14,14
mixte,entreprise1@example.com,Intermarché,Lyon,2,4,0,31,24,24
frais,entreprise7@example.com,Carrefour,Toulouse,4,1,0,206,193,193
frais,entreprise1@example.com,Intermarché,Lyon,0,11,0,106,103,103
sec,entreprise2@example.com,Auchan,Marseille,6,7,0,261,145,145
legume,entreprise6@example.com,Intermarché,Paris,2,2,0,373,126,126
sec,entreprise9@example.com,Monoprix,Paris,1,2,0,302,302,302
sec,entreprise7@example.com,Carrefour,Toulouse,0,11,0,358,357,355
mixte,entreprise12@example.com,Carrefour,Lyon,4,2,0,84,84,84
legume,entreprise8@example.com,Auchan,Toulouse,1,12,0,431,417,417
frais,entreprise1@example.com,Intermarché,Lyon,0,4,0,288,247,247
mixte,entreprise7@example.com,Carrefour,Toulouse,2,6,0,268,192,192
mixte,entreprise9@example.com,Monoprix,Paris,3,5,0,175,122,122
legume,entreprise4@example.com,Monoprix,Toulouse,5,12,0,107,43,27
legume,entreprise2@example.com,Auchan,Marseille,0,2,0,456,300,300
legume,entreprise8@example.com,Auchan,Toulouse,2,11,0,24,24,24
mixte,entreprise11@example.com,Lidl,Lyon,2,11,0,354,354,354
mixte,entreprise6@example.com,Intermarché,Paris,2,7,0,447,191,191
mixte,entreprise6@example.com,Intermarché,Paris,6,11,0,84,84,84
mixte,entreprise7@example.com,Carrefour,Toulouse,2,10,0,190,159,152
sec,entreprise12@example.com,Carrefour,Lyon,5,4,0,391,323,309
legume,entreprise8@example.com,Auchan,Toulouse,4,10,0,433,417,417
mixte,entreprise9@example.com,Monoprix,Paris,3,11,0,252,226,150
frais,entreprise3@example.com,Auchan,Marseille,4,3,0,459,459,459
legume,entreprise13@example.com,Monoprix,Lyon,3,12,0,165,126,126
legume,entreprise6@example.com,Intermarché,Paris,4,11,0,348,330,328
legume,entreprise8@example.com,Auchan,Toulouse,0,9,0,381,256,256
frais,entreprise8@example.com,Auchan,Toulouse,3,2,0,426,426,426
frais,entreprise1@example.com,Intermarché,Lyon,0,11,0,225,152,152
legume,entreprise13@example.com,Monoprix,Lyon,5,5,0,387,1,0
mixte,entreprise14@example.com,Carrefour,Nice,2,10,0,405,91,91
mixte,entreprise4@example.com,Monoprix,Toulouse,5,7,0,18,12,12
legume,entreprise12@example.com,Carrefour,Lyon,3,4,0,216,215,215
legume,entreprise12@example.com,Carrefour,Lyon,2,3,0,95,22,22
sec,entreprise7@example.com,Carrefour,Toulouse,5,11,0,78,64,32
legume,entreprise5@example.com,Intermarché,Nice,0,1,0,77,76,75
sec,entreprise14@example.com,Carrefour,Nice,3,1,0,229,229,229
legume,entreprise5@example.com,Intermarché,Nice,5,7,0,289,289,289
mixte,entreprise6@example.com,Intermarché,Paris,1,4,0,73,70,70
frais,entreprise13@example.com,Monoprix,Lyon,0,3,0,35,33,33
frais,entreprise8@example.com,Auchan,Toulouse,3,9,0,115,115,115
mixte,entreprise5@example.com,Intermarché,Nice,4,3,0,113,103,103
sec,entreprise9@example.com,Monoprix,Paris,6,3,0,143,139,139
mixte,entreprise1@example.com,Intermarché,Lyon,0,3,0,168,167,148
legume,entreprise2@example.com,Auchan,Marseille,3,2,0,59,44,41
mixte,entreprise14@example.com,Carrefour,Nice,0,11,0,461,428,428
legume,entreprise14@example.com,Carrefour,Nice,4,10,0,86,8,8
legume,entreprise13@example.com,Monoprix,Lyon,0,3,0,210,183,183
sec,entreprise5@example.com,Intermarché,Nice,1,12,0,319,319,319
sec,entreprise13@example.com,Monoprix,Lyon,0,2,0,137,106,8
mixte,entreprise2@example.com,Auchan,Marseille,6,8,0,136,126,126
frais,entreprise2@example.com,Auchan,Marseille,3,4,0,410,91,91
frais,entreprise5@example.com,Intermarché,Nice,0,9,0,301,288,231
legume,entreprise15@example.com,Carrefour,Marseille,3,8,0,60,34,34
sec,entreprise13@example.com,Monoprix,Lyon,3,6,0,466,466,421
sec,entreprise1@example.com,Intermarché,Lyon,1,5,0,484,76,76
frais,entreprise15@example.com,Carrefour,Marseille,3,4,0,323,323,323
frais,entreprise15@example.com,Carrefour,Marseille,5,4,0,413,188,188
sec,entreprise12@example.com,Carrefour,Lyon,5,5,0,152,152,152
frais,entreprise9@example.com,Monoprix,Paris,1,12,0,141,92,92
legume,entreprise14@example.com,Carrefour,Nice,3,4,0,433,104,104
sec,entreprise2@example.com,Auchan,Marseille,1,1,0,32,18,18
sec,entreprise8@example.com,Auchan,Toulouse,6,11,0,213,177,170
legume,entreprise11@example.com,Lidl,Lyon,3,1,0,63,38,38
legume,entreprise6@example.com,Intermarché,Paris,6,12,0,473,385,385
legume,entreprise15@example.com,Carrefour,Marseille,3,6,0,257,256,255
mixte,entreprise7@example.com,Carrefour,Toulouse,3,10,0,24,22,22
legume,entreprise11@example.com,Lidl,Lyon,2,8,0,183,183,183
sec,entreprise1@example.com,Intermarché,Lyon,0,6,0,368,339,339
sec,entreprise6@example.com,Intermarché,Paris,5,3,0,143,41,41
sec,entreprise14@example.com,Carrefour,Nice,3,2,0,170,72,72
legume,entreprise6@example.com,Intermarché,Paris,3,10,0,31,31,23
sec,entreprise4@example.com,Monoprix,Toulouse,3,7,0,338,198,198
mixte,entreprise1@example.com,Intermarché,Lyon,4,4,0,390,390,390
sec,entreprise15@example.com,Carrefour,Marseille,1,1,0,311,0,0
frais,entreprise14@example.com,Carrefour,Nice,6,6,0,464,0,0
frais,entreprise10@example.com,Carrefour,Nice,0,9,0,146,75,75
mixte,entreprise3@example.com,Auchan,Marseille,1,2,0,300,246,246
sec,entreprise9@example.com,Monoprix,Paris,3,9,0,25,25,25
legume,entreprise15@example.com,Carrefour,Marseille,4,3,0,43,43,43
legume,entreprise15@example.com,Carrefour,Marseille,1,9,0,207,207,203
mixte,entreprise3@example.com,Auchan,Marseille,6,6,0,148,115,115
sec,entreprise1@example.com,Intermarché,Lyon,2,8,0,459,315,315
frais,entreprise10@example.com,Carrefour,Nice,3,7,0,392,0,0
frais,entreprise12@example.com,Carrefour,Lyon,2,11,0,17,17,17
mixte,entreprise6@example.com,Intermarché,Paris,5,5,0,246,151,151
mixte,entreprise6@example.com,Intermarché,Paris,2,6,0,407,148,148
frais,entreprise9@example.com,Monoprix,Paris,6,9,0,490,488,487
sec,entreprise10@example.com,Carrefour,Nice,5,2,0,287,287,287
legume,entreprise7@example.com,Carrefour,Toulouse,5,10,0,332,324,324
frais,entreprise10@example.com,Carrefour,Nice,1,1,0,455,143,36
sec,entreprise5@example.com,Intermarché,Nice,5,12,0,134,134,134
frais,entreprise12@example.com,Carrefour,Lyon,2,1,0,413,411,411
sec,entreprise6@example.com,Intermarché,Paris,0,10,0,355,353,342
frais,entreprise13@example.com,Monoprix,Lyon,2,1,0,180,151,151
frais,entreprise7@example.com,Carrefour,Toulouse,3,7,0,481,446,446
sec,entreprise15@example.com,Carrefour,Marseille,4,1,0,388,0,0
mixte,entreprise14@example.com,Carrefour,Nice,1,9,0,481,224,224
mixte,entreprise4@example.com,Monoprix,Toulouse,6,2,0,435,433,417
frais,entreprise13@example.com,Monoprix,Lyon,2,1,0,400,400,400
legume,entreprise3@example.com,Auchan,Marseille,2,11,0,207,172,172
frais,entreprise3@example.com,Auchan,Marseille,2,7,0,192,192,192
mixte,entreprise3@example.com,Auchan,Marseille,4,2,0,479,453,453
sec,entreprise7@example.com,Carrefour,Toulouse,5,11,0,193,20,20
frais,entreprise14@example.com,Carrefour,Nice,3,6,0,54,54,53
legume,entreprise5@example.com,Intermarché,Nice,5,9,0,171,146,36
sec,entreprise6@example.com,Intermarché,Paris,4,4,0,382,382,382
sec,entreprise10@example.com,Carrefour,Nice,4,1,0,242,119,119
sec,entreprise10@example.com,Carrefour,Nice,3,8,0,326,277,277
sec,entreprise10@example.com,Carrefour,Nice,5,11,0,309,280,280
frais,entreprise5@example.com,Intermarché,Nice,0,1,0,219,156,156
frais,entreprise15@example.com,Carrefour,Marseille,0,6,0,469,468,468
sec,entreprise8@example.com,Auchan,Toulouse,6,3,0,365,365,365
mixte,entreprise7@example.com,Carrefour,Toulouse,5,6,0,366,307,307
mixte,entreprise3@example.com,Auchan,Marseille,6,5,0,54,49,49
sec,entreprise1@example.com,Intermarché,Lyon,0,1,0,108,104,102
sec,entreprise15@example.com,Carrefour,Marseille,5,3,0,167,167,167
frais,entreprise1@example.com,Intermarché,Lyon,2,2,0,229,0,0
mixte,entreprise9@example.com,Monoprix,Paris,6,5,0,161,160,160
frais,entreprise2@example.com,Auchan,Marseille,1,7,0,17,17,17
legume,entreprise13@example.com,Monoprix,Lyon,0,7,0,73,73,73
legume,entreprise3@example.com,Auchan,Marseille,6,10,0,142,128,124
mixte,entreprise3@example.com,Auchan,Marseille,6,1,0,125,105,105
legume,entreprise10@example.com,Carrefour,Nice,4,8,0,443,0,0
frais,entreprise12@example.com,Carrefour,Lyon,5,3,0,128,128,128
frais,entreprise7@example.com,Carrefour,Toulouse,3,5,0,183,33,33
frais,entreprise11@example.com,Lidl,Lyon,1,11,0,459,219,219
mixte,entreprise14@example.com,Carrefour,Nice,5,1,0,385,280,280
mixte,entreprise10@example.com,Carrefour,Nice,3,7,0,70,62,62
mixte,entreprise12@example.com,Carrefour,Lyon,6,6,0,278,237,237
mixte,entreprise13@example.com,Monoprix,Lyon,3,2,0,184,177,165
frais,entreprise5@example.com,Intermarché,Nice,3,7,0,110,108,108
sec,entreprise12@example.com,Carrefour,Lyon,0,10,0,37,33,33
legume,entreprise12@example.com,Carrefour,Lyon,6,11,0,359,156,107
legume,entreprise6@example.com,Intermarché,Paris,5,1,0,394,377,377
sec,entreprise6@example.com,Intermarché,Paris,1,8,0,385,375,375
sec,entreprise14@example.com,Carrefour,Nice,1,5,0,437,83,83
legume,entreprise6@example.com,Intermarché,Paris,1,11,0,345,216,216
legume,entreprise4@example.com,Monoprix,Toulouse,6,12,0,12,12,12
mixte,entreprise4@example.com,Monoprix,Toulouse,1,4,0,411,355,355
frais,entreprise13@example.com,Monoprix,Lyon,5,7,0,230,130,130
legume,entreprise9@example.com,Monoprix,Paris,0,4,0,372,349,316
legume,entreprise12@example.com,Carrefour,Lyon,5,1,0,87,80,80
legume,entreprise4@example.com,Monoprix,Toulouse,6,1,0,34,0,0
sec,entreprise2@example.com,Auchan,Marseille,3,11,0,356,343,343
sec,entreprise8@example.com,Auchan,Toulouse,5,8,0,456,454,454
legume,entreprise2@example.com,Auchan,Marseille,4,12,0,101,100,98
legume,entreprise8@example.com,Auchan,Toulouse,0,1,0,326,324,324
frais,entreprise3@example.com,Auchan,Marseille,3,3,0,167,156,156
legume,entreprise6@example.com,Intermarché,Paris,1,1,0,59,55,51
frais,entreprise3@example.com,Auchan,Marseille,0,5,0,275,275,275
legume,entreprise6@example.com,Intermarché,Paris,5,7,0,437,127,127
mixte,entreprise2@example.com,Auchan,Marseille,5,9,0,391,212,0
legume,entreprise10@example.com,Carrefour,Nice,4,2,0,456,456,449
mixte,entreprise15@example.com,Carrefour,Marseille,5,10,0,192,188,188
legume,entreprise10@example.com,Carrefour,Nice,0,4,0,370,202,202
mixte,entreprise2@example.com,Auchan,Marseille,1,9,0,372,372,361
frais,entreprise11@example.com,Lidl,Lyon,1,7,0,411,393,393
sec,entreprise14@example.com,Carrefour,Nice,6,3,0,463,461,461
legume,entreprise5@example.com,Intermarché,Nice,6,12,0,65,9,9
legume,entreprise4@example.com,Monoprix,Toulouse,1,4,0,487,290,290
sec,entreprise8@example.com,Auchan,Toulouse,1,2,0,448,444,444
legume,entreprise12@example.com,Carrefour,Lyon,6,3,0,352,329,329
legume,entreprise9@example.com,Monoprix,Paris,6,12,0,30,27,27
mixte,entreprise12@example.com,Carrefour,Lyon,5,6,0,14,14,14
mixte,entreprise6@example.com,Intermarché,Paris,6,9,0,381,154,154
legume,entreprise5@example.com,Intermarché,Nice,1,8,0,268,42,42
legume,entreprise12@example.com,Carrefour,Lyon,1,6,0,255,255,255
mixte,entreprise14@example.com,Carrefour,Nice,1,9,0,215,215,215
sec,entreprise7@example.com,Carrefour,Toulouse,4,8,0,296,181,181
mixte,entreprise3@example.com,Auchan,Marseille,2,12,0,82,82,82
sec,entreprise10@example.com,Carrefour,Nice,6,3,0,409,409,409
mixte,entreprise6@example.com,Intermarché,Paris,6,5,0,127,122,122
sec,entreprise15@example.com,Carrefour,Marseille,3,1,0,335,330,330
frais,entreprise12@example.com,Carrefour,Lyon,0,1,0,64,64,64
frais,entreprise12@example.com,Carrefour,Lyon,3,11,0,274,241,241
legume,entreprise12@example.com,Carrefour,Lyon,3,6,0,485,485,483
frais,entreprise10@example.com,Carrefour,Nice,1,12,0,241,81,81
mixte,entreprise12@example.com,Carrefour,Lyon,4,7,0,122,99,99
legume,entreprise5@example.com,Intermarché,Nice,0,1,0,430,430,430
frais,entreprise14@example.com,Carrefour,Nice,2,4,0,311,305,288
sec,entreprise2@example.com,Auchan,Marseille,4,4,0,220,212,194
sec,entreprise5@example.com,Intermarché,Nice,2,2,0,455,358,350
mixte,entreprise3@example.com,Auchan,Marseille,4,1,0,48,48,48
legume,entreprise13@example.com,Monoprix,Lyon,2,2,0,386,379,379
mixte,entreprise11@example.com,Lidl,Lyon,4,11,0,312,312,312
frais,entreprise13@example.com,Monoprix,Lyon,0,8,0,488,115,115
frais,entreprise15@example.com,Carrefour,Marseille,0,8,0,372,355,355
mixte,entreprise10@example.com,Carrefour,Nice,6,7,0,68,68,68
legume,entreprise13@example.com,Monoprix,Lyon,2,10,0,458,456,456
mixte,entreprise2@example.com,Auchan,Marseille,3,7,0,275,274,273
mixte,entreprise8@example.com,Auchan,Toulouse,5,4,0,331,168,168
frais,entreprise1@example.com,Intermarché,Lyon,4,8,0,487,64,64
frais,entreprise1@example.com,Intermarché,Lyon,6,8,0,293,227,227
legume,entreprise6@example.com,Intermarché,Paris,6,8,0,130,130,130
frais,entreprise3@example.com,Auchan,Marseille,5,12,0,219,66,66
legume,entreprise6@example.com,Intermarché,Paris,1,12,0,18,11,10
frais,entreprise1@example.com,Intermarché,Lyon,3,9,0,16,12,12
frais,entreprise10@example.com,Carrefour,Nice,1,12,0,174,172,172
mixte,entreprise8@example.com,Auchan,Toulouse,4,9,0,125,125,125
sec,entreprise15@example.com,Carrefour,Marseille,5,7,0,421,259,259
legume,entreprise5@example.com,Intermarché,Nice,2,1,0,105,76,62
legume,entreprise4@example.com,Monoprix,Toulouse,5,10,0,192,131,131
frais,entreprise7@example.com,Carrefour,Toulouse,1,12,0,483,483,483
frais,entreprise4@example.com,Monoprix,Toulouse,2,9,0,348,243,243
legume,entreprise8@example.com,Auchan,Toulouse,1,4,0,275,245,245
sec,entreprise5@example.com,Intermarché,Nice,4,6,0,299,260,244
legume,entreprise15@example.com,Carrefour,Marseille,1,1,0,371,211,94
sec,entreprise6@example.com,Intermarché,Paris,6,5,0,60,18,18
legume,entreprise15@example.com,Carrefour,Marseille,0,9,0,483,479,479
legume,entreprise1@example.com,Intermarché,Lyon,0,6,0,77,71,71
legume,entreprise1@example.com,Intermarché,Lyon,5,6,0,344,344,344
mixte,entreprise6@example.com,Intermarché,Paris,1,1,0,29,29,29
sec,entreprise6@example.com,Intermarché,Paris,3,8,0,257,237,23
sec,entreprise2@example.com,Auchan,Marseille,1,1,0,482,329,0
frais,entreprise13@example.com,Monoprix,Lyon,3,10,0,213,189,189
sec,entreprise4@example.com,Monoprix,Toulouse,2,6,0,69,69,69
sec,entreprise6@example.com,Intermarché,Paris,3,7,0,499,486,486
mixte,entreprise3@example.com,Auchan,Marseille,3,1,0,199,181,181
frais,entreprise1@example.com,Intermarché,Lyon,1,3,0,172,105,105
sec,entreprise4@example.com,Monoprix,Toulouse,2,6,0,176,119,105
frais,entreprise12@example.com,Carrefour,Lyon,1,5,0,76,76,76
frais,entreprise12@example.com,Carrefour,Lyon,0,5,0,86,79,69
legume,entreprise11@example.com,Lidl,Lyon,5,6,0,86,47,47
legume,entreprise12@example.com,Carrefour,Lyon,1,5,0,90,90,90
legume,entreprise6@example.com,Intermarché,Paris,0,1,0,382,319,319
sec,entreprise13@example.com,Monoprix,Lyon,0,9,0,190,0,0
sec,entreprise11@example.com,Lidl,Lyon,6,12,0,270,244,232
frais,entreprise2@example.com,Auchan,Marseille,4,4,0,37,27,18
sec,entreprise3@example.com,Auchan,Marseille,3,3,0,376,376,376
mixte,entreprise11@example.com,Lidl,Lyon,2,8,0,412,401,392
mixte,entreprise11@example.com,Lidl,Lyon,1,10,0,100,68,0
legume,entreprise11@example.com,Lidl,Lyon,6,10,0,251,226,226
frais,entreprise8@example.com,Auchan,Toulouse,4,12,0,297,276,276
legume,entreprise2@example.com,Auchan,Marseille,0,10,0,122,115,115
mixte,entreprise4@example.com,Monoprix,Toulouse,0,5,0,31,31,31
frais,entreprise5@example.com,Intermarché,Nice,3,3,0,467,373,346
sec,entreprise5@example.com,Intermarché,Nice,3,2,0,374,0,0
sec,entreprise13@example.com,Monoprix,Lyon,0,10,0,469,469,469
mixte,entreprise8@example.com,Auchan,Toulouse,4,7,0,444,437,300
legume,entreprise7@example.com,Carrefour,Toulouse,4,5,0,304,231,231
frais,entreprise13@example.com,Monoprix,Lyon,0,7,0,151,117,115
sec,entreprise12@example.com,Carrefour,Lyon,5,7,0,350,350,350
legume,entreprise10@example.com,Carrefour,Nice,4,9,0,337,337,337
sec,entreprise3@example.com,Auchan,Marseille,4,6,0,285,285,285
mixte,entreprise9@example.com,Monoprix,Paris,2,1,0,261,248,248
legume,entreprise13@example.com,Monoprix,Lyon,5,1,0,385,366,366
legume,entreprise4@example.com,Monoprix,Toulouse,1,10,0,429,377,246
frais,entreprise5@example.com,Intermarché,Nice,0,2,0,478,478,478
legume,entreprise1@example.com,Intermarché,Lyon,1,11,0,190,187,187
mixte,entreprise2@example.com,Auchan,Marseille,1,10,0,151,131,131
sec,entreprise9@example.com,Monoprix,Paris,4,1,0,417,409,309
frais,entreprise1@example.com,Intermarché,Lyon,3,10,0,298,257,122
sec,entreprise14@example.com,Carrefour,Nice,4,7,0,412,102,102
legume,entreprise12@example.com,Carrefour,Lyon,4,6,0,67,0,0
frais,entreprise4@example.com,Monoprix,Toulouse,2,5,0,393,258,258
frais,entreprise15@example.com,Carrefour,Marseille,6,8,0,97,91,91
legume,entreprise14@example.com,Carrefour,Nice,2,8,0,122,117,117
sec,entreprise13@example.com,Monoprix,Lyon,3,9,0,107,104,104
frais,entreprise8@example.com,Auchan,Toulouse,2,1,0,279,258,258
mixte,entreprise7@example.com,Carrefour,Toulouse,1,2,0,91,90,90
legume,entreprise7@example.com,Carrefour,Toulouse,6,9,0,476,470,470
legume,entreprise7@example.com,Carrefour,Toulouse,2,7,0,97,97,97
mixte,entreprise2@example.com,Auchan,Marseille,3,10,0,232,220,220
frais,entreprise13@example.com,Monoprix,Lyon,6,12,0,131,129,129
mixte,entreprise14@example.com,Carrefour,Nice,5,10,0,149,147,147
legume,entreprise2@example.com,Auchan,Marseille,0,9,0,69,59,59
sec,entreprise3@example.com,Auchan,Marseille,6,6,0,322,309,309
mixte,entreprise3@example.com,Auchan,Marseille,2,11,0,74,73,73
frais,entreprise8@example.com,Auchan,Toulouse,3,12,0,355,175,175
sec,entreprise11@example.com,Lidl,Lyon,4,6,0,142,140,140
mixte,entreprise13@example.com,Monoprix,Lyon,3,5,0,48,5,5
mixte,entreprise15@example.com,Carrefour,Marseille,3,10,0,288,244,244
mixte,entreprise15@example.com,Carrefour,Marseille,0,6,0,315,313,310
sec,entreprise6@example.com,Intermarché,Paris,6,11,0,405,397,396
mixte,entreprise1@example.com,Intermarché,Lyon,4,3,0,230,230,230
frais,entreprise15@example.com,Carrefour,Marseille,2,12,0,432,428,428
legume,entreprise6@example.com,Intermarché,Paris,6,10,0,412,412,407
sec,entreprise15@example.com,Carrefour,Marseille,2,11,0,186,185,185
frais,entreprise7@example.com,Carrefour,Toulouse,0,9,0,410,409,409
frais,entreprise8@example.com,Auchan,Toulouse,4,9,0,140,100,100
sec,entreprise7@example.com,Carrefour,Toulouse,2,6,0,54,42,38
frais,entreprise7@example.com,Carrefour,Toulouse,2,11,0,272,272,272
frais,entreprise3@example.com,Auchan,Marseille,6,3,0,103,45,45
mixte,entreprise15@example.com,Carrefour,Marseille,5,1,0,385,374,374
mixte,entreprise15@example.com,Carrefour,Marseille,0,1,0,144,133,133
legume,entreprise14@example.com,Carrefour,Nice,6,8,0,180,163,163
frais,entreprise2@example.com,Auchan,Marseille,6,2,0,258,258,257
mixte,entreprise7@example.com,Carrefour,Toulouse,3,12,0,180,17,17
legume,entreprise1@example.com,Intermarché,Lyon,3,12,0,281,281,281
mixte,entreprise1@example.com,Intermarché,Lyon,4,8,0,212,147,147
mixte,entreprise13@example.com,Monoprix,Lyon,5,8,0,298,211,211
mixte,entreprise6@example.com,Intermarché,Paris,2,4,0,101,91,91
mixte,entreprise7@example.com,Carrefour,Toulouse,3,12,0,454,454,452
mixte,entreprise13@example.com,Monoprix,Lyon,2,1,0,106,106,106
legume,entreprise14@example.com,Carrefour,Nice,2,12,0,11,11,11
mixte,entreprise15@example.com,Carrefour,Marseille,1,12,0,53,22,22
legume,entreprise7@example.com,Carrefour,Toulouse,1,9,0,49,34,34
frais,entreprise15@example.com,Carrefour,Marseille,1,12,0,18,17,17
sec,entreprise7@example.com,Carrefour,Toulouse,0,10,0,200,193,193
sec,entreprise14@example.com,Carrefour,Nice,4,3,0,212,21,21
legume,entreprise12@example.com,Carrefour,Lyon,5,1,0,479,475,475
sec,entreprise12@example.com,Carrefour,Lyon,6,5,0,169,169,169
legume,entreprise10@example.com,Carrefour,Nice,3,6,0,166,134,134
sec,entreprise10@example.com,Carrefour,Nice,1,6,0,345,331,331
mixte,entreprise12@example.com,Carrefour,Lyon,1,5,0,184,134,134
mixte,entreprise1@example.com,Intermarché,Lyon,5,11,0,56,52,52
legume,entreprise9@example.com,Monoprix,Paris,3,6,0,295,290,290
sec,entreprise14@example.com,Carrefour,Nice,1,11,0,434,404,404
mixte,entreprise13@example.com,Monoprix,Lyon,4,4,0,88,4,4
legume,entreprise1@example.com,Intermarché,Lyon,3,12,0,349,342,323
frais,entreprise11@example.com,Lidl,Lyon,2,12,0,423,369,369
frais,entreprise15@example.com,Carrefour,Marseille,3,8,0,438,424,424
legume,entreprise2@example.com,Auchan,Marseille,6,1,0,126,117,117
sec,entreprise13@example.com,Monoprix,Lyon,6,7,0,186,156,101
sec,entreprise5@example.com,Intermarché,Nice,5,7,0,74,71,71
mixte,entreprise1@example.com,Intermarché,Lyon,4,11,0,212,161,161
legume,entreprise15@example.com,Carrefour,Marseille,4,10,0,236,232,0
legume,entreprise12@example.com,Carrefour,Lyon,3,10,0,136,104,101
mixte,entreprise14@example.com,Carrefour,Nice,3,12,0,178,66,66
mixte,entreprise2@example.com,Auchan,Marseille,3,8,0,363,180,180
frais,entreprise15@example.com,Carrefour,Marseille,0,8,0,484,296,296
legume,entreprise7@example.com,Carrefour,Toulouse,4,9,0,165,163,155
frais,entreprise2@example.com,Auchan,Marseille,3,2,0,39,39,39
legume,entreprise5@example.com,Intermarché,Nice,1,11,0,56,56,54
mixte,entreprise2@example.com,Auchan,Marseille,4,7,0,278,277,277
mixte,entreprise1@example.com,Intermarché,Lyon,3,10,0,107,100,73
mixte,entreprise5@example.com,Intermarché,Nice,3,1,0,118,97,97
sec,entreprise3@example.com,Auchan,Marseille,0,1,0,141,137,90
legume,entreprise12@example.com,Carrefour,Lyon,2,5,0,442,442,442
mixte,entreprise12@example.com,Carrefour,Lyon,1,11,0,293,287,287
legume,entreprise5@example.com,Intermarché,Nice,3,1,0,332,332,332
sec,entreprise6@example.com,Intermarché,Paris,3,7,0,105,10,10
legume,entreprise14@example.com,Carrefour,Nice,5,6,0,92,0,0
sec,entreprise13@example.com,Monoprix,Lyon,1,1,0,334,282,282
frais,entreprise15@example.com,Carrefour,Marseille,5,5,0,208,153,153
sec,entreprise14@example.com,Carrefour,Nice,4,2,0,252,248,248
sec,entreprise14@example.com,Carrefour,Nice,0,9,0,109,23,23
frais,entreprise14@example.com,Carrefour,Nice,3,2,0,350,309,309
sec,entreprise9@example.com,Monoprix,Paris,4,12,0,429,274,274
legume,entreprise1@example.com,Intermarché,Lyon,1,12,0,35,34,33
frais,entreprise15@example.com,Carrefour,Marseille,4,11,0,287,270,270
legume,entreprise4@example.com,Monoprix,Toulouse,6,11,0,494,275,275
sec,entreprise8@example.com,Auchan,Toulouse,4,6,0,80,80,78
legume,entreprise6@example.com,Intermarché,Paris,2,5,0,196,0,0
frais,entreprise9@example.com,Monoprix,Paris,4,1,0,397,359,359
frais,entreprise3@example.com,Auchan,Marseille,5,5,0,100,99,94
frais,entreprise6@example.com,Intermarché,Paris,5,1,0,69,69,69
legume,entreprise1@example.com,Intermarché,Lyon,5,6,0,168,163,114
sec,entreprise10@example.com,Carrefour,Nice,3,2,0,216,204,204
sec,entreprise14@example.com,Carrefour,Nice,6,11,0,403,265,265
sec,entreprise11@example.com,Lidl,Lyon,5,4,0,227,197,197
sec,entreprise4@example.com,Monoprix,Toulouse,4,12,0,361,358,347
frais,entreprise5@example.com,Intermarché,Nice,5,4,0,138,138,138
frais,entreprise15@example.com,Carrefour,Marseille,6,11,0,113,98,98
frais,entreprise15@example.com,Carrefour,Marseille,3,12,0,38,38,38
mixte,entreprise6@example.com,Intermarché,Paris,6,8,0,438,430,430
mixte,entreprise3@example.com,Auchan,Marseille,3,3,0,99,99,98
mixte,entreprise10@example.com,Carrefour,Nice,2,12,0,82,66,66
mixte,entreprise7@example.com,Carrefour,Toulouse,0,10,0,188,175,175
frais,entreprise9@example.com,Monoprix,Paris,6,10,0,289,102,73
mixte,entreprise9@example.com,Monoprix,Paris,6,10,0,188,140,64
legume,entreprise8@example.com,Auchan,Toulouse,2,4,0,84,79,79
mixte,entreprise2@example.com,Auchan,Marseille,1,2,0,497,495,495
frais,entreprise4@example.com,Monoprix,Toulouse,0,1,0,88,69,67
frais,entreprise11@example.com,Lidl,Lyon,5,4,0,332,331,331
sec,entreprise11@example.com,Lidl,Lyon,2,6,0,200,200,200
sec,entreprise9@example.com,Monoprix,Paris,5,2,0,163,153,153
frais,entreprise6@example.com,Intermarché,Paris,1,3,0,253,0,0
legume,entreprise8@example.com,Auchan,Toulouse,0,11,0,270,95,95
legume,entreprise10@example.com,Carrefour,Nice,6,7,0,483,483,483
legume,entreprise5@example.com,Intermarché,Nice,2,5,0,383,376,376
sec,entreprise9@example.com,Monoprix,Paris,2,12,0,70,70,69
sec,entreprise1@example.com,Intermarché,Lyon,4,5,0,65,64,64
mixte,entreprise8@example.com,Auchan,Toulouse,3,6,0,41,0,0
legume,entreprise1@example.com,Intermarché,Lyon,5,11,0,462,414,414
mixte,entreprise13@example.com,Monoprix,Lyon,1,6,0,412,412,412
legume,entreprise1@example.com,Intermarché,Lyon,6,12,0,398,157,157
mixte,entreprise10@example.com,Carrefour,Nice,2,8,0,135,135,135
mixte,entreprise1@example.com,Intermarché,Lyon,4,1,0,498,416,377
legume,entreprise12@example.com,Carrefour,Lyon,5,4,0,154,154,154
legume,entreprise13@example.com,Monoprix,Lyon,3,12,0,386,382,382
sec,entreprise8@example.com,Auchan,Toulouse,0,3,0,97,72,55
frais,entreprise13@example.com,Monoprix,Lyon,5,10,0,377,377,375
frais,entreprise14@example.com,Carrefour,Nice,1,6,0,63,60,60
legume,entreprise6@example.com,Intermarché,Paris,2,5,0,171,14,14
legume,entreprise8@example.com,Auchan,Toulouse,0,8,0,191,178,135
legume,entreprise8@example.com,Auchan,Toulouse,5,3,0,364,364,364
frais,entreprise5@example.com,Intermarché,Nice,3,10,0,96,92,66
legume,entreprise12@example.com,Carrefour,Lyon,2,1,0,290,290,290
legume,entreprise4@example.com,Monoprix,Toulouse,3,12,0,476,467,464
mixte,entreprise11@example.com,Lidl,Lyon,4,4,0,48,46,46
mixte,entreprise6@example.com,Intermarché,Paris,2,10,0,175,175,175
mixte,entreprise10@example.com,Carrefour,Nice,0,11,0,205,31,31
mixte,entreprise6@example.com,Intermarché,Paris,6,9,0,286,200,200
sec,entreprise3@example.com,Auchan,Marseille,0,3,0,232,176,176
mixte,entreprise9@example.com,Monoprix,Paris,4,8,0,306,305,305
legume,entreprise4@example.com,Monoprix,Toulouse,5,7,0,233,215,215
legume,entreprise2@example.com,Auchan,Marseille,3,1,0,349,263,263
legume,entreprise10@example.com,Carrefour,Nice,5,8,0,445,442,442
mixte,entreprise7@example.com,Carrefour,Toulouse,2,7,0,38,36,36
sec,entreprise9@example.com,Monoprix,Paris,5,9,0,98,98,98
legume,entreprise6@example.com,Intermarché,Paris,4,1,0,319,264,264
legume,entreprise13@example.com,Monoprix,Lyon,0,8,0,354,226,226
sec,entreprise8@example.com,Auchan,Toulouse,5,1,0,265,260,260
frais,entreprise8@example.com,Auchan,Toulouse,4,7,0,224,107,107
legume,entreprise15@example.com,Carrefour,Marseille,2,11,0,294,294,294
sec,entreprise5@example.com,Intermarché,Nice,2,5,0,30,28,28
frais,entreprise3@example.com,Auchan,Marseille,4,8,0,428,43,43
sec,entreprise3@example.com,Auchan,Marseille,2,10,0,206,206,204
sec,entreprise2@example.com,Auchan,Marseille,2,7,0,368,368,366
mixte,entreprise3@example.com,Auchan,Marseille,3,4,0,315,311,311
frais,entreprise2@example.com,Auchan,Marseille,6,4,0,48,6,6
legume,entreprise11@example.com,Lidl,Lyon,2,7,0,86,11,11
frais,entreprise9@example.com,Monoprix,Paris,0,5,0,145,89,89
frais,entreprise8@example.com,Auchan,Toulouse,5,5,0,258,255,255
sec,entreprise14@example.com,Carrefour,Nice,5,6,0,51,51,51
sec,entreprise9@example.com,Monoprix,Paris,4,8,0,39,30,30
sec,entreprise14@example.com,Carrefour,Nice,6,6,0,196,0,0
legume,entreprise11@example.com,Lidl,Lyon,2,1,0,410,349,349
legume,entreprise7@example.com,Carrefour,Toulouse,3,5,0,261,231,231
legume,entreprise13@example.com,Monoprix,Lyon,3,5,0,354,150,13
legume,entreprise11@example.com,Lidl,Lyon,2,6,0,113,93,0
mixte,entreprise14@example.com,Carrefour,Nice,4,6,0,69,58,58
mixte,entreprise1@example.com,Intermarché,Lyon,6,1,0,314,310,310
sec,entreprise12@example.com,Carrefour,Lyon,3,4,0,238,234,234
mixte,entreprise6@example.com,Intermarché,Paris,2,11,0,364,330,330
sec,entreprise14@example.com,Carrefour,Nice,6,9,0,56,56,56
frais,entreprise12@example.com,Carrefour,Lyon,1,10,0,28,28,28
sec,entreprise3@example.com,Auchan,Marseille,5,12,0,13,7,7
mixte,entreprise9@example.com,Monoprix,Paris,0,12,0,230,207,207
frais,entreprise12@example.com,Carrefour,Lyon,0,2,0,242,239,239
frais,entreprise2@example.com,Auchan,Marseille,0,9,0,167,167,167
mixte,entreprise15@example.com,Carrefour,Marseille,6,4,0,285,271,271
legume,entreprise10@example.com,Carrefour,Nice,4,5,0,42,33,33
legume,entreprise13@example.com,Monoprix,Lyon,6,7,0,32,28,27
legume,entreprise6@example.com,Intermarché,Paris,4,9,0,421,376,376
mixte,entreprise7@example.com,Carrefour,Toulouse,5,3,0,114,102,95
legume,entreprise13@example.com,Monoprix,Lyon,0,12,0,376,260,260
frais,entreprise11@example.com,Lidl,Lyon,2,11,0,165,165,157
mixte,entreprise14@example.com,Carrefour,Nice,0,12,0,482,446,446
sec,entreprise13@example.com,Monoprix,Lyon,4,10,0,273,271,271
mixte,entreprise12@example.com,Carrefour,Lyon,0,2,0,45,45,45
sec,entreprise3@example.com,Auchan,Marseille,5,9,0,468,324,324
sec,entreprise12@example.com,Carrefour,Lyon,0,5,0,116,87,54
sec,entreprise11@example.com,Lidl,Lyon,2,11,0,220,199,199
frais,entreprise13@example.com,Monoprix,Lyon,4,6,0,15,14,14
legume,entreprise4@example.com,Monoprix,Toulouse,4,12,0,70,59,59
mixte,entreprise11@example.com,Lidl,Lyon,6,5,0,46,46,46
frais,entreprise1@example.com,Intermarché,Lyon,4,11,0,52,27,27
legume,entreprise7@example.com,Carrefour,Toulouse,4,9,0,394,359,359
mixte,entreprise13@example.com,Monoprix,Lyon,5,8,0,431,431,431
sec,entreprise4@example.com,Monoprix,Toulouse,1,9,0,428,428,428
legume,entreprise14@example.com,Carrefour,Nice,5,4,0,34,33,27
sec,entreprise5@example.com,Intermarché,Nice,3,12,0,70,62,55
sec,entreprise2@example.com,Auchan,Marseille,5,11,0,430,398,398
frais,entreprise12@example.com,Carrefour,Lyon,5,8,0,226,202,202
mixte,entreprise3@example.com,Auchan,Marseille,5,6,0,310,310,305
legume,entreprise4@example.com,Monoprix,Toulouse,6,10,0,91,58,58
mixte,entreprise15@example.com,Carrefour,Marseille,4,4,0,52,52,52
mixte,entreprise13@example.com,Monoprix,Lyon,6,9,0,152,135,128
mixte,entreprise8@example.com,Auchan,Toulouse,6,2,0,161,159,147
legume,entreprise13@example.com,Monoprix,Lyon,0,10,0,221,221,221
sec,entreprise3@example.com,Auchan,Marseille,3,7,0,241,235,235
mixte,entreprise7@example.com,Carrefour,Toulouse,6,4,0,363,348,343
frais,entreprise8@example.com,Auchan,Toulouse,1,5,0,268,265,265
mixte,entreprise15@example.com,Carrefour,Marseille,6,3,0,211,53,53
sec,entreprise9@example.com,Monoprix,Paris,5,3,0,429,428,428
legume,entreprise6@example.com,Intermarché,Paris,3,7,0,19,19,19
sec,entreprise8@example.com,Auchan,Toulouse,0,11,0,377,374,357
legume,entreprise15@example.com,Carrefour,Marseille,1,7,0,326,315,315
mixte,entreprise1@example.com,Intermarché,Lyon,4,7,0,70,65,65
mixte,entreprise11@example.com,Lidl,Lyon,4,1,0,323,323,323
sec,entreprise8@example.com,Auchan,Toulouse,4,7,0,470,143,93
sec,entreprise12@example.com,Carrefour,Lyon,3,8,0,436,0,0
sec,entreprise2@example.com,Auchan,Marseille,2,10,0,11,10,10
mixte,entreprise7@example.com,Carrefour,Toulouse,5,4,0,442,433,433
sec,entreprise3@example.com,Auchan,Marseille,3,6,0,225,219,219
mixte,entreprise15@example.com,Carrefour,Marseille,4,4,0,37,35,35
mixte,entreprise10@example.com,Carrefour,Nice,5,6,0,146,73,73
legume,entreprise12@example.com,Carrefour,Lyon,5,6,0,406,404,404
sec,entreprise2@example.com,Auchan,Marseille,2,1,0,417,402,402
sec,entreprise14@example.com,Carrefour,Nice,0,8,0,89,36,36
frais,entreprise13@example.com,Monoprix,Lyon,2,4,0,288,214,214
legume,entreprise5@example.com,Intermarché,Nice,1,10,0,228,228,228
mixte,entreprise6@example.com,Intermarché,Paris,2,10,0,396,387,357
mixte,entreprise11@example.com,Lidl,Lyon,4,6,0,54,54,54
frais,entreprise12@example.com,Carrefour,Lyon,1,7,0,245,245,245
frais,entreprise13@example.com,Monoprix,Lyon,5,4,0,272,272,272
frais,entreprise2@example.com,Auchan,Marseille,1,8,0,146,139,139
frais,entreprise1@example.com,Intermarché,Lyon,2,6,0,188,53,53
frais,entreprise14@example.com,Carrefour,Nice,3,4,0,39,39,39
sec,entreprise9@example.com,Monoprix,Paris,6,4,0,11,11,11
mixte,entreprise4@example.com,Monoprix,Toulouse,5,4,0,65,41,41
sec,entreprise14@example.com,Carrefour,Nice,5,5,0,43,14,14
mixte,entreprise4@example.com,Monoprix,Toulouse,1,7,0,148,148,146
mixte,entreprise4@example.com,Monoprix,Toulouse,6,4,0,264,247,247
mixte,entreprise10@example.com,Carrefour,Nice,2,10,0,109,107,107
legume,entreprise1@example.com,Intermarché,Lyon,1,8,0,79,79,78
legume,entreprise8@example.com,Auchan,Toulouse,5,10,0,262,261,261
legume,entreprise7@example.com,Carrefour,Toulouse,5,6,0,188,187,187
frais,entreprise3@example.com,Auchan,Marseille,0,7,0,323,109,109
mixte,entreprise14@example.com,Carrefour,Nice,3,10,0,58,54,54
sec,entreprise4@example.com,Monoprix,Toulouse,0,12,0,250,240,213
mixte,entreprise1@example.com,Intermarché,Lyon,3,1,0,134,108,108
frais,entreprise15@example.com,Carrefour,Marseille,5,6,0,343,320,318
sec,entreprise4@example.com,Monoprix,Toulouse,5,7,0,37,37,37
sec,entreprise5@example.com,Intermarché,Nice,4,1,0,437,431,431
mixte,entreprise7@example.com,Carrefour,Toulouse,5,12,0,122,84,75
mixte,entreprise10@example.com,Carrefour,Nice,5,10,0,73,65,44
legume,entreprise12@example.com,Carrefour,Lyon,6,1,0,205,146,146
sec,entreprise6@example.com,Intermarché,Paris,1,5,0,120,112,112
legume,entreprise14@example.com,Carrefour,Nice,5,11,0,205,176,71
frais,entreprise11@example.com,Lidl,Lyon,0,10,0,221,86,86
frais,entreprise9@example.com,Monoprix,Paris,3,4,0,290,272,265
mixte,entreprise11@example.com,Lidl,Lyon,3,12,0,191,182,182
sec,entreprise6@example.com,Intermarché,Paris,2,9,0,432,426,426
legume,entreprise4@example.com,Monoprix,Toulouse,4,2,0,473,463,447
legume,entreprise3@example.com,Auchan,Marseille,4,4,0,296,293,293
frais,entreprise9@example.com,Monoprix,Paris,2,7,0,372,360,360
legume,entreprise4@example.com,Monoprix,Toulouse,0,3,0,278,278,278
sec,entreprise1@example.com,Intermarché,Lyon,3,11,0,473,370,370
sec,entreprise3@example.com,Auchan,Marseille,4,11,0,439,184,128
sec,entreprise11@example.com,Lidl,Lyon,6,7,0,49,49,49
sec,entreprise8@example.com,Auchan,Toulouse,5,7,0,462,461,461
legume,entreprise15@example.com,Carrefour,Marseille,1,3,0,247,239,0
mixte,entreprise13@example.com,Monoprix,Lyon,2,10,0,273,261,261
legume,entreprise12@example.com,Carrefour,Lyon,2,5,0,272,118,118
sec,entreprise2@example.com,Auchan,Marseille,3,6,0,125,104,104
frais,entreprise4@example.com,Monoprix,Toulouse,4,12,0,375,374,374
sec,entreprise7@example.com,Carrefour,Toulouse,0,5,0,127,104,104
legume,entreprise9@example.com,Monoprix,Paris,2,12,0,330,330,330
mixte,entreprise4@example.com,Monoprix,Toulouse,1,6,0,177,142,142
sec,entreprise2@example.com,Auchan,Marseille,4,9,0,343,24,24
frais,entreprise9@example.com,Monoprix,Paris,5,12,0,215,142,142
mixte,entreprise14@example.com,Carrefour,Nice,4,11,0,471,442,442
frais,entreprise2@example.com,Auchan,Marseille,0,8,0,388,385,385
legume,entreprise13@example.com,Monoprix,Lyon,5,8,0,196,193,167
legume,entreprise7@example.com,Carrefour,Toulouse,3,4,0,15,15,15
sec,entreprise8@example.com,Auchan,Toulouse,6,12,0,332,319,319
sec,entreprise14@example.com,Carrefour,Nice,0,1,0,237,237,237
frais,entreprise14@example.com,Carrefour,Nice,2,5,0,434,434,434
frais,entreprise4@example.com,Monoprix,Toulouse,3,12,0,129,88,11
mixte,entreprise1@example.com,Intermarché,Lyon,5,7,0,434,336,336
legume,entreprise3@example.com,Auchan,Marseille,2,4,0,237,235,235
frais,entreprise10@example.com,Carrefour,Nice,6,8,0,32,30,30
sec,entreprise12@example.com,Carrefour,Lyon,0,2,0,226,224,221
frais,entreprise13@example.com,Monoprix,Lyon,6,3,0,295,280,240
mixte,entreprise8@example.com,Auchan,Toulouse,0,10,0,243,226,226
frais,entreprise10@example.com,Carrefour,Nice,5,8,0,413,410,410
frais,entreprise6@example.com,Intermarché,Paris,5,4,0,189,177,163
mixte,entreprise15@example.com,Carrefour,Marseille,2,6,0,119,118,108
sec,entreprise1@example.com,Intermarché,Lyon,0,2,0,229,229,229
legume,entreprise12@example.com,Carrefour,Lyon,3,5,0,103,66,66
sec,entreprise13@example.com,Monoprix,Lyon,0,1,0,16,16,16
mixte,entreprise5@example.com,Intermarché,Nice,1,5,0,471,0,0
frais,entreprise2@example.com,Auchan,Marseille,0,8,0,135,27,27
sec,entreprise15@example.com,Carrefour,Marseille,2,1,0,154,143,143
frais,entreprise4@example.com,Monoprix,Toulouse,4,4,0,319,0,0
mixte,entreprise11@example.com,Lidl,Lyon,3,5,0,36,33,33
frais,entreprise10@example.com,Carrefour,Nice,2,8,0,26,25,25
frais,entreprise13@example.com,Monoprix,Lyon,0,9,0,62,62,62
